{
  "estimate_kind": "combined_aligned",
  "estimate_path": "/home/felix/Projects/hilti-slam-challenge-pipeline/out/combined_align/floor_1/trajectory_combined_aligned.csv",
  "estimate_poses": 4007,
  "groundtruth_path": "/home/felix/Projects/hilti-slam-challenge-pipeline/data/floor_1/groundtruth.txt",
  "groundtruth_poses": 3923,
  "matched_poses": 3924,
  "max_time_delta_s": 0.05,
  "time_delta_abs": {
    "max_s": 0.04166084200005571,
    "mean_s": 0.005288450001030335,
    "median_s": 0.005143235999639728,
    "p90_s": 0.006473424900832471,
    "p95_s": 0.008198287101276947,
    "rmse_s": 0.005432442655998735
  },
  "unmatched_estimate_poses": 83,
  "xy": {
    "max_m": 4.386617232143928,
    "mean_m": 2.3300659573122258,
    "median_m": 2.287913764549609,
    "p90_m": 3.846058119007105,
    "p95_m": 4.177775532055014,
    "rmse_m": 2.5389586115068976
  },
  "xyz": {
    "max_m": 4.387105016024104,
    "mean_m": 2.3315825133080743,
    "median_m": 2.2887175480272193,
    "p90_m": 3.8471881534527723,
    "p95_m": 4.178602258987486,
    "rmse_m": 2.540324283279236
  },
  "z_abs": {
    "max_m": 0.14200799821340349,
    "mean_m": 0.07186979823162681,
    "median_m": 0.06680981602740532,
    "p90_m": 0.12527160800984838,
    "p95_m": 0.13066615067659487,
    "rmse_m": 0.08328645311893829
  }
}
