{
  "estimate_kind": "combined_aligned",
  "estimate_path": "/home/felix/hilti-slam-challenge-pipeline/out/combined_align/floor_1/trajectory_combined_aligned.csv",
  "estimate_poses": 4008,
  "groundtruth_path": "/home/felix/hilti-slam-challenge-pipeline/data/floor_1/groundtruth.txt",
  "groundtruth_poses": 3923,
  "matched_poses": 3925,
  "max_time_delta_s": 0.05,
  "time_delta_abs": {
    "max_s": 0.04037230799985991,
    "mean_s": 0.004705493683312429,
    "median_s": 0.004822716000489891,
    "p90_s": 0.005171888400582247,
    "p95_s": 0.005859244399835004,
    "rmse_s": 0.0048007442891206
  },
  "unmatched_estimate_poses": 83,
  "xy": {
    "max_m": 3.719869038936709,
    "mean_m": 2.108712449550555,
    "median_m": 2.088622016974965,
    "p90_m": 2.468529360633108,
    "p95_m": 2.6281625369096573,
    "rmse_m": 2.1388377164773824
  },
  "xyz": {
    "max_m": 3.721874121769636,
    "mean_m": 2.1101820812449357,
    "median_m": 2.0894953515649934,
    "p90_m": 2.4722251965134583,
    "p95_m": 2.62917942069219,
    "rmse_m": 2.140361292333131
  },
  "z_abs": {
    "max_m": 0.17862115493577624,
    "mean_m": 0.06304820984890899,
    "median_m": 0.05580007230903161,
    "p90_m": 0.14176990286272975,
    "p95_m": 0.15325283379661564,
    "rmse_m": 0.08074456199501634
  }
}
