{
  "estimate_kind": "combined_aligned",
  "estimate_path": "/home/felix/Projects/hilti-slam-challenge-pipeline/out/combined_align/floor_1/trajectory_combined_aligned.csv",
  "estimate_poses": 4008,
  "groundtruth_path": "/home/felix/Projects/hilti-slam-challenge-pipeline/data/floor_1/groundtruth.txt",
  "groundtruth_poses": 3923,
  "matched_poses": 3925,
  "max_time_delta_s": 0.05,
  "time_delta_abs": {
    "max_s": 0.04249348099983763,
    "mean_s": 0.0052756862293224065,
    "median_s": 0.005144038999787881,
    "p90_s": 0.006520306000311393,
    "p95_s": 0.008102115600195242,
    "rmse_s": 0.005420740155493864
  },
  "unmatched_estimate_poses": 83,
  "xy": {
    "max_m": 0.6362794816860251,
    "mean_m": 0.3088076454950481,
    "median_m": 0.274621216026935,
    "p90_m": 0.5152620396072735,
    "p95_m": 0.5617745854934395,
    "rmse_m": 0.335117839178404
  },
  "xyz": {
    "max_m": 0.6520036441510856,
    "mean_m": 0.3189627068224359,
    "median_m": 0.28504791573644617,
    "p90_m": 0.5219213399862712,
    "p95_m": 0.5681505609044175,
    "rmse_m": 0.34446991994541526
  },
  "z_abs": {
    "max_m": 0.15284833597362335,
    "mean_m": 0.07248722118677883,
    "median_m": 0.06910335605905482,
    "p90_m": 0.11905330747548311,
    "p95_m": 0.12552863980849605,
    "rmse_m": 0.07972176372608758
  }
}
