{
  "estimate_kind": "combined_aligned",
  "estimate_path": "/home/felix/Documents/Projects/3Dvis/rework/hilti-slam-challenge-pipeline/out/combined_align/floor_1/trajectory_combined_aligned.csv",
  "estimate_poses": 4008,
  "groundtruth_path": "/home/felix/Documents/Projects/3Dvis/rework/hilti-slam-challenge-pipeline/data/floor_1/groundtruth.txt",
  "groundtruth_poses": 3923,
  "matched_poses": 3925,
  "max_time_delta_s": 0.05,
  "time_delta_abs": {
    "max_s": 0.04099692499949015,
    "mean_s": 0.005081836153646697,
    "median_s": 0.0050131230000260985,
    "p90_s": 0.006106259799344115,
    "p95_s": 0.007371415400120895,
    "rmse_s": 0.005196906738835317
  },
  "unmatched_estimate_poses": 83,
  "xy": {
    "max_m": 5.955081487651238,
    "mean_m": 5.185584500328923,
    "median_m": 5.180979580770814,
    "p90_m": 5.67276752828085,
    "p95_m": 5.730108855326227,
    "rmse_m": 5.198833649842092
  },
  "xyz": {
    "max_m": 5.955794662886422,
    "mean_m": 5.186688977862549,
    "median_m": 5.181856150040547,
    "p90_m": 5.6731573396082355,
    "p95_m": 5.730574773573839,
    "rmse_m": 5.19991331168618
  },
  "z_abs": {
    "max_m": 0.1934967651063626,
    "mean_m": 0.09799444632819145,
    "median_m": 0.09049747003258557,
    "p90_m": 0.15526375497580502,
    "p95_m": 0.17076664289600918,
    "rmse_m": 0.1059581536301294
  }
}
