{
  "estimate_kind": "combined_aligned",
  "estimate_path": "/home/felix/Documents/Projects/3Dvis/rework/hilti-slam-challenge-pipeline/out/combined_align/floor_1/trajectory_combined_aligned.csv",
  "estimate_poses": 4008,
  "groundtruth_path": "/home/felix/Documents/Projects/3Dvis/rework/hilti-slam-challenge-pipeline/data/floor_1/groundtruth.txt",
  "groundtruth_poses": 3923,
  "matched_poses": 3925,
  "max_time_delta_s": 0.05,
  "time_delta_abs": {
    "max_s": 0.04111112800092087,
    "mean_s": 0.00510446573987271,
    "median_s": 0.0050275909998163115,
    "p90_s": 0.0061914196001453085,
    "p95_s": 0.007659658199554542,
    "rmse_s": 0.005231025476199299
  },
  "unmatched_estimate_poses": 83,
  "xy": {
    "max_m": 4.239770712034264,
    "mean_m": 3.869659820685777,
    "median_m": 3.918863016066649,
    "p90_m": 4.099877374954686,
    "p95_m": 4.1663501813121275,
    "rmse_m": 3.8753279409850774
  },
  "xyz": {
    "max_m": 4.240422015561892,
    "mean_m": 3.870007723816158,
    "median_m": 3.919062948489687,
    "p90_m": 4.100130342493525,
    "p95_m": 4.166975473279807,
    "rmse_m": 3.875683042662996
  },
  "z_abs": {
    "max_m": 0.11361878085870092,
    "mean_m": 0.047311771261294454,
    "median_m": 0.044870564055787154,
    "p90_m": 0.07930886656017008,
    "p95_m": 0.08585489217430259,
    "rmse_m": 0.05246329198454061
  }
}
